index,user_account,location
1,PM_Results,Surrey UK
2,sspaeti,"Solothurn, Switzerland"
4,TravelMedia_ie,"Dublin, London, Europe"
6,cygnetcic,"Wallington, London"
7,DannyEdoBrien,Limerick
8,geoffrey_see,Remote
9,reconneq,
12,TellemachusL,Unit 10 Steeton Grove
14,10to8ltd,"Cambridge, England"
16,CogiteqOfficial,"Lagos, Nigeria"
19,MatthewSpurr,"Winterbourne, England"
23,niamhbradycoach,"Cork, Ireland"
24,jamesvgingerich,"Waterloo, Ontario Canada"
25,cjaz_consulting,London
26,anshu_vats,Emerging Markets
27,giveaHi5,"Cape Town, South Africa"
28,El_Deano,Hawaii
40,To_The_Mars_,
47,RosemaryOSha,
49,freelancer_INT,
51,StaffOutsource1,
52,wordsbypage,"Southbourne, England"
53,goldborough,"Wales, United Kingdom"
56,innofactor,Finland
57,Allwork_space,Global
58,rothwell_amanda,"Leicestershire, England, UK"
66,AfriFreelancers,Africa
68,Payoneer,
69,SocWorkplaces,Belgium
79,Ashish__Bhalla,Earth
81,TrippBraden,"Cleveland, OH"
82,mohal_04,"Faisalabad, Punjab"
83,OverdriveCC,5 Hares Ave Woodstock
84,Cyberconnecting,Global
88,Michael75042,"Garland, Texas"
89,unicorntalents,"Geneva, Switzerland"
90,isitceurope,"London, England"
92,asadzulfahri,"Ghent, Belgium"
93,mindmeister,
94,HarithBakhrani,"Mombasa, Kenya"
95,hellotimking,"Bendigo, Victoria"
96,BNIWarwick49ers,"Warwick, Warwickshire, UK"
100,KommuteVideo,"Atlanta, GA"
102,stfaugmentation,
104,careers_sh,"Geneva, Switzerland"
106,edwingprod,"Stuttgart, Germany"
109,Rezoomex,"Pune, Maharashtra"
110,xorlogics,"Belgium, USA, Pakistan"
117,BizyFreelancer,worldwide
118,DigitalNomadsHb,world
124,crew_scale,"Newark, DE"
125,bmurphypointman,"Bay Area, CA"
126,ibacVic,Melbourne
146,rajiv_biswas,
149,VectorMarketing,"Olean, NY"
150,Addob0t,NYC | Toronto | SF
153,nolanmyers,"San Francisco, CA"
154,InstantWorkHelp,USA
163,workbudz_team,India
164,Seekandshare,"Baldwin Harbor, NY"
165,voilanorbert,Austin & San Francisco
168,jcfrinak,"Dallas/Fort Worth, Texas USA"
171,timlemunyonDTLK,"Overland Park, KS"
176,acism,"Pune, India"
177,zzzsai,"Bangalore, Karnataka, India"
178,KenOkel,"Boynton Beach, Florida"
180,AcrtCohs,"California, USA"
181,GeekySales,"Front Range, Colorado"
188,GiantSquidAU,"Sydney, Australia"
189,sujanpatel,"Austin,TX"
190,springroleinc,"Bengaluru, India"
192,bobbiejoele,"Pentwater, MI"
194,BottleneckVA,United States
195,rsc_mp,
196,SteveGlaveski,"Melbourne, Australia"
208,barracuda,"Campbell, Calif."
209,habticstandard,Amsterdam
211,BarboriGarnet,"Calgary, Alberta"
213,ExperisSG,Singapore
218,ShaneGreenwoo15,
221,gabi_woodbridge,"Brisbane, Queensland"
223,Jae_Deucee,413
224,PMCSservicesInc,"Austin,Texas"
235,KarmaCheckInc,
236,donnyitk,"Honolulu, HI and Houston, TX "
237,kaypearcey,Calgary 
238,ithatcher,Brisbane QLD Australia
240,tuanbri,
241,limcecillec,"Manila, Philippines"
243,Kdabbler,"Winthrop, MA"
244,SAPANZ,Australia
247,Worksnaps,
252,RobertoOsorno3,
255,Functionalworks,London | NYC | San Diego
256,stratodesk,"San Francisco, CA"
258,python_works,"London, England"
259,ORAMBoston,"Boston, MA"
260,sleeekio,"Newport Beach, CA, USA"
262,burkov_john,
270,HighfiveHQ,"Redwood City, CA"
276,ChrisMayer_WP,"West Point, NY"
277,LEC4You,"Tampa, Florida"
278,CUBEWomen,Worldwide 
279,AndrewStenhouse,"Newport Beach, California"
280,NODESKco,
281,castwebdesignsc,"Charlotte, NC"
282,Lifesize,"Austin, Texas"
283,drewtarvin,"new york, ny"
284,SmarshInc,"Headquartered in Portland, OR"
286,NexlinkComm,"Auburn Hills, MI"
289,AISinsurance,"Los Angeles, CA"
291,denise_givens,"Louisville, KY"
297,MESHcowork,"bakersfield, CA"
300,LearnToScale,"Boston, MA"
301,AudreyDesisto,"Boston, MA"
306,EvanKirstel,#RemoteWork #Boston 
307,OrchestrySoft,
308,uamuzik,Wherever there is net!
310,safestack,"Auckland, New Zealand"
311,LoLo090188,"Carrollton, TX"
314,CareersAnywhere,
315,MarcoCarbajo,"Novi, Michigan"
316,wcraigreed,"San Diego, CA"
317,BerntsonPorter,"Bellevue, WA"
318,NCrypted,sales@ncrypted.com
319,jennyhalasz,"Raleigh, NC"
320,payscale,"Seattle, Washington"
321,BonfireTrain,"Indianapolis, Indiana, USA"
322,constellationr,Silicon Valley Global Presence
324,jensmcfarland,"Portland, OR"
325,cortavo,"Atlanta, GA"
327,ConnecteamApp,"New York, USA"
332,_SimonLau,"San Jose, CA"
337,ohUhire,
338,TeamCoachingInt,Worldwide
343,MeghanMBiro,"Portland, OR"
348,GetSwit,"San Francisco, CA"
350,JustinW77085014,"Raleigh-Durham, North Carolina"
351,Shirastweet,"New York, NY"
353,parmeleemichele,New Orleans
354,Numly,"Cupertino, CA 95015. (USA)"
356,microverseinc,Remote
357,LiquidSpace,"USA, Canada and Australia"
358,msherw00d,"Denver, CO"
360,squaremoat,
365,myplanet,"Toronto, ON"
369,MTone123,Calgary
371,OptimumErgo,Colorado
373,50shadeslime,
376,TrueFocusCoach,"Acton, MA"
377,convergetechbiz,"Chicago, IL"
379,SetupGet,"San Francisco, CA "
381,kellyland_mmm,"iPhone: 35.698898,-82.573883"
382,JonPicoult,"Connecticut, USA"
383,Johnfbowe,
384,vmblog,
385,amyleigh_22,"San Diego, CA"
387,squabmartin,Earth
389,DeeLT,"Washington, DC"
390,_architechtura,Miami
392,OneFineDay_ie,Offaly/Dublin/Ireland
393,jdavidsondesign,"San Francisco, CA"
395,katelerickson,"Humacao, Puerto Rico"
396,thegoddesscher,"Tampa Bay, Florida"
402,BeanworksAP,"Vancouver, Canada"
404,funandlearning,Los Angeles
405,TeamATSG,"Manhattan, NY"
406,indexmatchme,"Boston, MA"
407,compa_as,"California, USA"
408,Joyce_Contract,"Westford, MA"
409,dhinchcliffe,"Washington, D.C."
411,Laplink,"Bellevue, Washington"
412,charle3magne,
413,fuel50,"USA, Europe, Australia & New Zealand"
414,SoloWorksCibola,"Grants, New Mexico"
415,bucketsdotco,"Seattle, WA"
416,wrike,Around The World
417,MinervaLabs,Israel
418,stefingg,"Dubai, United Arab Emirates"
419,AventisSystems,"Atlanta, GA"
421,tjamone,"Ottawa, Canada"
422,lawdroid,Vancouver
423,bestpracticetv,"Australia, New Zealand, USA"
424,BlueJeansNet,Silicon Valley & beyond
426,TrainingTide,
427,justinpowellweb,"Morris County NJ, USA"
428,Asperancace,"Austin, TX"
429,invoiceberry,London
431,lucidmeetings,"Portland, OR"
432,1800Accountant,National Service
434,remotogethernz,New Zealand
436,frankassubc,"Comox Valley, British Columbia"
439,jerryeswon,"Mendham, NJ"
440,BowesJody,
443,EFE_Global,
445,iWorkerInnov,"Detroit, MI"
446,GuideHQ_,"San Francisco, CA"
448,opsmatters_uk,"London, England"
449,Scott_Shafer,Chicago
450,Kiraallen81Kira,"Fort Worth, TX"
452,DivaDude,"New York, NY"
456,HRExecMag,"Palm Beach Gardens, FL"
457,KerryHannon,"Washington, DC"
458,hobolaptop,
460,Upwork,180+ countries
461,SolutionzInc,"Los Angeles, CA"
462,Cloers,Baile Atha Cliath
463,ComstorEDGE360,
464,andrewupah,CA | NYC | TX | STT
465,socentie,Ireland
468,mtjohnson51,"Georgia, USA"
469,Johnny_Reyes,"austin, tx"
470,theCUBE365,"Palo Alto, CA"
471,CitrixAppDesktp,Worldwide
472,Mercer_US,
473,WinstonBenefits,
474,avncr,"Cranbury, NJ"
475,JulianGrangerB,"Sydney, New South Wales"
477,1564Shakespeare,Philadelphia PA
479,websiteclones,"Ahmadabad City, India"
480,smeyerwrites,
481,kkruse,"Silicon Valley, CA"
482,ETRnews,NYC
484,anchondo_mike,
485,KendallWalters,"Waterloo, Ontario"
493,realwearinc,"Vancouver, WA"
498,CDowdHiggins,"Bloomington, IN"
499,kristiewells,"Changes, regularly. "
501,Bugcrowd,"San Francisco, CA"
503,AdobeSecurity,"San Jose/San Francisco, CA"
504,Qwilr,"Sydney, New South Wales"
507,Webex,"San Jose, CA"
508,Proofpoint_PPM,"Minneapolis, MN"
509,WhatIsDotCom,"East Coast, USA"
511,pgc_group,"New York, NY"
514,repeopleco,
515,EVAN360_LLC,"Austin, TX"
520,velocity_global,"Denver, CO (HQ)"
521,corasystems,"Ireland, UK, USA"
522,HomewunStore,United States
523,RichDobry,"Philadelphia, PA"
524,Java_workshub,"London, England"
526,Alex_Bernhardt,"Seattle, WA, USA"
528,tamannaali187,"Chittagong, Bangladesh"
531,churnzero,"Washington, DC"
532,mcschaus,"Madison, WI"
533,Joe_Capote,San Francisco Bay Area
534,BizTechMagazine,"Vernon Hills, IL"
537,StaffingKC,"Overland Park, KS"
548,nulabinc,"New York, Amsterdam"
551,Falbo_F,"Torino, Piemonte"
552,LogitechVC,"Lausanne, Switzerland"
553,remotivocom,
554,agentsentral,Philippines
555,DKarlamonique,Phillipines
556,StoutSearch,Northwest Arkansas
559,notch_hq,
563,ScopicSoftware,"Rutland, MA"
565,iristel,Canada
567,RefineConsult,"Mount Pleasant, SC"
569,PrimePay,"Headquarters: West Chester, PA"
570,EZNetTools,USA
573,ciscoDC,"San Jose, CA"
574,NasyaKamrat,New York
577,1youngfogey,in tweed
578,TrailerBridge,
581,chrisheuer,"Austin, TX"
582,ie_andrea,"London, England"
584,AgileLeader40,
586,not_just_mom1,
587,miles_gmm,
588,NestworksSpace,"Vancouver, British Columbia"
590,ideaspbusiness,Worldwide
593,interwestcorp,"Wenatchee, WA"
595,Votacall,"Boston, MA"
597,walkaboutco,"Buffalo, NY & Dallas, TX"
598,ListProducer,"New York, NY"
600,picnic_social,"Vancouver, BC"
601,JBinGF,"Great Falls, VA"
602,R_Levin_Assoc,"Boston, MA"
603,Impressa_LV,"Las Vegas, NV"
604,colinarms,"San Francisco, CA"
605,eBulletins_IT,"Chicago, IL"
607,mrwettstein,
611,nievera,San Francisco Bay Area
616,career_virtual,
617,InnovativeES,San Diego
618,onlinecomputers,"Whippany, NJ"
619,Korn_Ferry,Global
621,teamstok,SF | San Diego | Denver
622,KollerLawFirm,"Center City, Philadelphia"
627,thine_co,"Brooklyn, NY"
628,workboldly,
629,trevorbrindlejs,"Orlando, FL"
630,donny2001,"?T: 42.950923,-88.004995"
631,ErinEWells,"Santa Fe, NM"
632,UVicIntlCoopCar,"Victoria, British Columbia"
634,TriciaBraa,"Phoenix, AZ"
636,suitandartist,6 Feet Away & Behind a Mask
637,WLAnalytics,"Dallas, TX"
640,AdVentureGameTB,United States
644,itlinchpin,ATL and PGH
649,CDWG_EdTechWest,"California, USA"
650,Avertium,"Phoenix, AZ"
651,SparckCo,Sacramento
652,xceptnet,"San Diego, California"
653,Moovila_App,"Charleston, SC"
654,StonyPointInc,Worldwide
655,SYNERGYYEG,Edmonton
656,DiggSpace,
657,NICPARTNERS,Southern California
658,FerroqueSystems,"Mississauga, Ontario"
660,Egypreneur,Egypt
662,CoreAssist,
667,PeterLimone,San Diego
669,simplifi_io,We have offices in San Diego (CA) Naples (FL) and Detroit (MI) and a blend of in-house and distributed workforce domestically and abroad.
671,Tafiero,"San Diego, CA"
672,smallbiztrends,"Naples, FL"
677,iamAible,"San Francisco, CA"
678,SandlerOmaha,"Omaha, NE - Ankeny, IA"
679,inkblottherapy,
680,SandlerPraxis,"Boston, MA"
681,kirbybizdevelop,
682,kolabtree,"London, England"
685,PCWSandler,"Burlington, Ontario, CA"
688,mynegosentro,United States
691,kirby_usa,NYC
692,exygy,San Francisco
698,MPBorman,
701,JPysarchuk,"Chicago, IL"
702,NetAppPartners,Global
703,ONUG_,
705,solarwinds,"Austin, TX"
706,TelefonicaCloud,Global
707,KevinLiebl,Southern California
709,tylka5,usa
710,KristinJArnold,"Scottsdale, AZ"
712,redcloveradvsrs,"Atlanta, GA"
713,stand8io,"Los Angeles, CA"
714,GinaTokar,
719,golangprojects,
728,AIRINC,
729,darrenbuckner,Remote
730,jmarsh2218,United States
734,WahmMaam,"Kentucky, USA"
737,NexmeApp,"Bellevue, WA"
738,VagabondProdSrv,"New York, NY"
741,ubisecure,United Kingdom & Finland
743,CollectiveMaven,
746,virtualinsider,
747,Azn_CyberSleuth,"Chicago, IL"
748,llphp,United States
749,4_Corner,"Orlando, FL"
750,iamkeyvan,"California, USA"
752,socialtrendspot,
754,speedify,
755,VirtualVocation,
758,ProwessProject,"Austin, TX"
759,Getstaffedup1,
760,jennydoforno,Toronto
762,MonicaTedde,"Milan, Italy"
763,bnievera,"Chino Hills, CA"
766,BTRoundtable,United States
767,SMBMktgStudio,"New York, New York"
768,EWIWorks,"Edmonton, AB, Canada"
771,smartwinnr,"San Francisco, CA"
772,akkadianlabs,"New York, NY"
773,PasquesiLLC,"Chicago, IL "
774,ShieldGEO,"London, UK"
777,SetkaEditor,"San Francisco, CA"
779,mayunkj,"Redmond, WA"
780,SnapSurveys,Offices in the UK and US
782,PwC_Luxembourg,Luxembourg
783,TeleworkChick,Washington DC
785,jwarnette,"London, England"
786,HRCloud,"Los Angeles, CA"
787,HugoImpact,"San Francisco, CA"
789,davidmdye,
791,Homervshomer,
797,technossus,"Orange County, California "
798,samespinosa_mmc,"Phoenix, Arizona"
799,ITGURUSATL,"Atlanta, GA"
